node,community
Jawa-CZ,0
Suter,5
Yamaha,2
S&B Suter,3
ELF 500,2
Modenas KR3,2
FTR,5
Ckeb,6
Plaisir,2
KR212V,2
Gilera,8
Pulse,2
Triumph,8
Norton,8
Harley Davidson,2
BMW,8
Nava,9
Suzuki,2
Bultaco,8
APR,10
Morbidelli,2
AJS,8
Shell,2
Sanvenero,2
Proton KR,2
Yamsel,2
Yamaha Forward,5
ART,5
HM,2
Seeley,8
Bianchi,8
Elf-Honda,2
Cagiva,2
Benelli,11
Modenas,2
Ioda,5
Honda,2
Aprilia,5
Forward Yamaha,5
Manx,8
Matchless,8
Metisse,8
Harris WCM,5
Fior-Honda,2
ELF,2
Westlake,8
Vostok,6
Blata,5
Rotax,12
BSL,2
PBM,5
BQR,5
Harris Yamaha,2
Padgett Kawasaki,2
Librenti,8
Fior,2
Monark,1
Linto,8
Aermacchi,8
KTM,5
Ilmor X3,2
KR211V,2
Kawasaki,8
MV Agusta,8
Ckb,6
Ioda-Suter,5
VRP,2
Maico,8
Husqvarna,8
Muench,8
Chevallier,2
Inmotec,5
Avintia,5
Paton,2
BCL,4
Sabre V4,2
Ducati,5
Jada,8
Muz Weber,2
Smac,8
Velocette,8
Jawa,0
MD211VF PROTO,8
FTR Honda,7
P,2
BQR-FTR,5
TSR,2
FTR Kawasaki,5
Moto Guzzi,8
CZ,2
Rieju,2
Koenig,8
Yamaha-Bartol,2
ROC Yamaha,2
Moriwaki,8
